,ID,Slide,Tumor,Broad Category,Narrow Category,Question,A,B,C,D,Answer,Output
0,1,TCGA-05-4244-01Z-00-DX1,LUAD,Diagnosis,Disease Classification,"Based on the histological features observed in the provided whole slide image and the accompanying clinical information,which of the following conditions is most likely present?",Squamous cell carcinoma,Small cell lung carcinoma,Papillary adenocarcinoma,Alveolar adenoma,C,"
To determine the most likely condition based on the histological features and clinical information, we need to consider the key characteristics of each type of cancer mentioned in the options. Here's a brief overview of each:

1. **Squamous Cell Carcinoma (A)**: This is a type of non-small cell lung cancer characterized by the presence of keratin pearls, intercellular bridges, and a keratinizing pattern. It often shows a well-defined, nodular growth pattern.

2. **Small Cell Lung Carcinoma (B)**: This is a highly aggressive type of lung cancer that typically shows small, round cells with scant cytoplasm and prominent nucleoli. It often lacks the architectural features seen in other types of lung cancer.

3. **Papillary Adenocarcinoma (C)**: This is a type of adenocarcinoma that shows a distinctive papillary architecture with branching, finger-like projections. It often has a more glandular and less aggressive appearance compared to other adenocarcinomas.

4. **Alveolar Adenoma (D)**: This is a benign tumor of the lung, characterized by the presence of alveolar structures and a more benign, well-differentiated appearance. It is not typically associated with the aggressive features seen in carcinomas.

Given the options and the need to identify the most likely condition based on the provided information, we need to consider the following:

- If the image shows a well-defined, nodular growth with keratin pearls and intercellular bridges, it is most likely **Squamous Cell Carcinoma**.
- If the image shows small, round cells with scant cytoplasm and prominent nucleoli, it is most likely **Small Cell Lung Carcinoma**.
- If the image shows a distinctive papillary architecture with branching, finger-like projections, it is most likely **Papillary Adenocarcinoma**.
- If the image shows alveolar structures and a more benign, well-differentiated appearance, it is most likely **Alveolar Adema**.

Without the actual image, we can infer based on the typical features:

- **Squamous Cell Carcinoma** is the most likely if the image shows keratin pearls and intercellular bridges.
- **Small Cell Lung Carcinoma** is the most likely if the image shows small, round cells with scant cytoplasm and prominent nucleoli.
- **"
